date,tempActual,tempIdeal,heaterStatus,fanStatus,opStatus
Sat Nov 21 2020 18:56:37 GMT-0600 (hora estándar central),17.44,18.00,1,0,0
Sat Nov 21 2020 18:56:40 GMT-0600 (hora estándar central),17.44,18.00,1,0,0
Sat Nov 21 2020 18:56:44 GMT-0600 (hora estándar central),17.38,18.00,1,0,0
Sat Nov 21 2020 18:56:47 GMT-0600 (hora estándar central),17.38,18.00,1,0,0
Sat Nov 21 2020 18:56:50 GMT-0600 (hora estándar central),17.44,18.00,1,0,0
Sat Nov 21 2020 18:57:10 GMT-0600 (hora estándar central),17.50,18.00,1,0,0
Sat Nov 21 2020 18:57:13 GMT-0600 (hora estándar central),17.44,18.00,1,0,0
Sat Nov 21 2020 18:57:17 GMT-0600 (hora estándar central),17.44,18.00,1,0,0
Sat Nov 21 2020 18:57:20 GMT-0600 (hora estándar central),17.44,18.00,1,0,0
Sat Nov 21 2020 18:57:23 GMT-0600 (hora estándar central),17.44,18.00,1,0,0
Sat Nov 21 2020 18:57:26 GMT-0600 (hora estándar central),17.44,18.00,1,0,0
Sat Nov 21 2020 18:57:30 GMT-0600 (hora estándar central),17.44,18.00,1,0,0
Sat Nov 21 2020 18:57:33 GMT-0600 (hora estándar central),17.44,18.00,1,0,0
Sat Nov 21 2020 18:57:36 GMT-0600 (hora estándar central),17.44,18.00,1,0,0
Sat Nov 21 2020 18:57:40 GMT-0600 (hora estándar central),17.44,18.00,1,0,0
Sat Nov 21 2020 18:57:43 GMT-0600 (hora estándar central),17.44,18.00,1,0,0
Sat Nov 21 2020 18:57:46 GMT-0600 (hora estándar central),17.50,18.00,1,0,0
Sat Nov 21 2020 18:57:50 GMT-0600 (hora estándar central),17.44,18.00,1,0,0
Sat Nov 21 2020 18:57:53 GMT-0600 (hora estándar central),17.44,18.00,1,0,0
Sat Nov 21 2020 18:57:56 GMT-0600 (hora estándar central),17.44,18.00,1,0,0
Sat Nov 21 2020 18:57:59 GMT-0600 (hora estándar central),17.50,18.00,1,0,0
Sat Nov 21 2020 18:58:03 GMT-0600 (hora estándar central),17.44,18.00,1,0,0
Sat Nov 21 2020 18:58:06 GMT-0600 (hora estándar central),17.50,18.00,1,0,0
Sat Nov 21 2020 18:58:09 GMT-0600 (hora estándar central),17.50,18.00,1,0,0
Sat Nov 21 2020 18:58:13 GMT-0600 (hora estándar central),17.44,18.00,1,0,0
Sat Nov 21 2020 18:58:16 GMT-0600 (hora estándar central),17.44,18.00,1,0,0
Sat Nov 21 2020 19:10:52 GMT-0600 (hora estándar central),17.31,18.00,1,0,0
Sat Nov 21 2020 19:10:55 GMT-0600 (hora estándar central),17.31,18.00,1,0,0
Sat Nov 21 2020 19:10:59 GMT-0600 (hora estándar central),17.31,18.00,1,0,0
Sat Nov 21 2020 19:11:02 GMT-0600 (hora estándar central),17.38,18.00,1,0,0
Sat Nov 21 2020 19:11:05 GMT-0600 (hora estándar central),17.31,18.00,1,0,0
Sat Nov 21 2020 19:11:07 GMT-0600 (hora estándar central),17.31,18,1,0,1
Sat Nov 21 2020 19:11:08 GMT-0600 (hora estándar central),17.31,18,0,0,1
Sat Nov 21 2020 19:11:08 GMT-0600 (hora estándar central),17.31,18.00,1,0,1
Sat Nov 21 2020 19:11:12 GMT-0600 (hora estándar central),17.44,18.00,0,0,1
Sat Nov 21 2020 19:11:15 GMT-0600 (hora estándar central),17.38,18.00,0,0,1
Sat Nov 21 2020 19:11:18 GMT-0600 (hora estándar central),17.38,18.00,0,0,1
Sat Nov 21 2020 19:11:22 GMT-0600 (hora estándar central),17.38,18.00,0,0,1
Sat Nov 21 2020 19:11:22 GMT-0600 (hora estándar central),17.38,18,0,1,1
Sat Nov 21 2020 19:11:25 GMT-0600 (hora estándar central),17.38,18.00,0,1,1
Sat Nov 21 2020 19:11:28 GMT-0600 (hora estándar central),17.44,18.00,0,1,1
Sat Nov 21 2020 19:11:31 GMT-0600 (hora estándar central),17.38,18.00,0,1,1
Sat Nov 21 2020 19:11:33 GMT-0600 (hora estándar central),17.38,18,0,0,1
Sat Nov 21 2020 19:11:35 GMT-0600 (hora estándar central),17.44,18.00,0,0,1
Sat Nov 21 2020 19:11:38 GMT-0600 (hora estándar central),17.38,18.00,0,0,1
Sat Nov 21 2020 19:11:40 GMT-0600 (hora estándar central),17.38,18,1,0,1
Sat Nov 21 2020 19:11:41 GMT-0600 (hora estándar central),17.38,18.00,0,0,1
Sat Nov 21 2020 19:11:45 GMT-0600 (hora estándar central),17.31,18.00,1,0,1
Sat Nov 21 2020 19:11:48 GMT-0600 (hora estándar central),17.38,18.00,1,0,1
Sat Nov 21 2020 19:11:51 GMT-0600 (hora estándar central),17.31,18.00,1,0,1
Sat Nov 21 2020 19:11:55 GMT-0600 (hora estándar central),17.31,18.00,1,0,1
Sat Nov 21 2020 19:11:58 GMT-0600 (hora estándar central),17.31,18.00,1,0,1
Sat Nov 21 2020 20:22:25 GMT-0600 (hora estándar central),17.06,18.00,1,0,0
Sat Nov 21 2020 20:22:29 GMT-0600 (hora estándar central),17.13,18.00,1,0,0
Sat Nov 21 2020 20:22:32 GMT-0600 (hora estándar central),17.13,18.00,1,0,0
Sat Nov 21 2020 20:22:35 GMT-0600 (hora estándar central),17.13,18.00,1,0,0
Sat Nov 21 2020 20:22:38 GMT-0600 (hora estándar central),17.13,18.00,1,0,0
Sat Nov 21 2020 20:22:42 GMT-0600 (hora estándar central),17.13,18.00,1,0,0
Sat Nov 21 2020 20:22:45 GMT-0600 (hora estándar central),17.13,18.00,1,0,0
Sat Nov 21 2020 20:22:48 GMT-0600 (hora estándar central),17.19,18.00,1,0,0
Sat Nov 21 2020 20:22:51 GMT-0600 (hora estándar central),17.06,18.00,1,0,0
Sat Nov 21 2020 20:22:55 GMT-0600 (hora estándar central),17.13,18.00,1,0,0
Sat Nov 21 2020 20:22:58 GMT-0600 (hora estándar central),17.06,18.00,1,0,0
Sat Nov 21 2020 20:23:01 GMT-0600 (hora estándar central),17.13,18.00,1,0,0
Sat Nov 21 2020 20:23:05 GMT-0600 (hora estándar central),17.13,18.00,1,0,0
Sat Nov 21 2020 20:23:08 GMT-0600 (hora estándar central),17.13,18.00,1,0,0
Sat Nov 21 2020 20:23:11 GMT-0600 (hora estándar central),17.06,18.00,1,0,0
Sat Nov 21 2020 20:23:15 GMT-0600 (hora estándar central),17.13,18.00,1,0,0
Sat Nov 21 2020 20:23:18 GMT-0600 (hora estándar central),17.13,18.00,1,0,0
Sat Nov 21 2020 20:23:21 GMT-0600 (hora estándar central),17.13,18.00,1,0,0
Sat Nov 21 2020 20:23:24 GMT-0600 (hora estándar central),17.13,18.00,1,0,0
Sat Nov 21 2020 20:23:28 GMT-0600 (hora estándar central),17.19,18.00,1,0,0
Sat Nov 21 2020 20:23:31 GMT-0600 (hora estándar central),17.13,18.00,1,0,0
Sat Nov 21 2020 20:23:34 GMT-0600 (hora estándar central),17.13,18.00,1,0,0
Sat Nov 21 2020 20:23:38 GMT-0600 (hora estándar central),17.13,18.00,1,0,0
Sat Nov 21 2020 20:23:41 GMT-0600 (hora estándar central),17.13,18.00,1,0,0
Sat Nov 21 2020 20:23:44 GMT-0600 (hora estándar central),17.13,18.00,1,0,0
Sat Nov 21 2020 20:23:48 GMT-0600 (hora estándar central),17.13,18.00,1,0,0
Sat Nov 21 2020 20:23:51 GMT-0600 (hora estándar central),17.19,18.00,1,0,0
Sat Nov 21 2020 20:23:54 GMT-0600 (hora estándar central),17.13,18.00,1,0,0
Sat Nov 21 2020 20:23:57 GMT-0600 (hora estándar central),17.13,18.00,1,0,0
Sat Nov 21 2020 20:24:01 GMT-0600 (hora estándar central),17.13,18.00,1,0,0
Sat Nov 21 2020 20:24:04 GMT-0600 (hora estándar central),17.19,18.00,1,0,0
Sat Nov 21 2020 20:24:07 GMT-0600 (hora estándar central),17.13,18.00,1,0,0
Sat Nov 21 2020 20:24:11 GMT-0600 (hora estándar central),17.19,18.00,1,0,0
Sat Nov 21 2020 20:24:14 GMT-0600 (hora estándar central),17.13,18.00,1,0,0
Sat Nov 21 2020 20:24:17 GMT-0600 (hora estándar central),17.13,18.00,1,0,0
Sat Nov 21 2020 20:24:18 GMT-0600 (hora estándar central),17.13,54.00,1,0,0
Sat Nov 21 2020 20:24:21 GMT-0600 (hora estándar central),17.13,54.00,1,0,0
Sat Nov 21 2020 20:24:24 GMT-0600 (hora estándar central),17.13,54.00,1,0,0
Sat Nov 21 2020 20:24:27 GMT-0600 (hora estándar central),17.13,54.00,1,0,0
Sat Nov 21 2020 20:24:30 GMT-0600 (hora estándar central),17.13,54.00,1,0,0
Sat Nov 21 2020 20:24:34 GMT-0600 (hora estándar central),17.19,54.00,1,0,0
Sat Nov 21 2020 20:24:37 GMT-0600 (hora estándar central),17.13,54.00,1,0,0
Sat Nov 21 2020 20:24:40 GMT-0600 (hora estándar central),17.13,54.00,1,0,0
Sat Nov 21 2020 20:24:44 GMT-0600 (hora estándar central),17.19,54.00,1,0,0
Sat Nov 21 2020 20:24:47 GMT-0600 (hora estándar central),17.13,54.00,1,0,0
Sat Nov 21 2020 20:24:50 GMT-0600 (hora estándar central),17.13,54.00,1,0,0
Sat Nov 21 2020 20:24:54 GMT-0600 (hora estándar central),17.19,54.00,1,0,0
Sat Nov 21 2020 20:24:57 GMT-0600 (hora estándar central),17.19,54.00,1,0,0
Sat Nov 21 2020 20:25:00 GMT-0600 (hora estándar central),17.13,54.00,1,0,0
Sat Nov 21 2020 20:25:03 GMT-0600 (hora estándar central),17.13,54.00,1,0,0
Sat Nov 21 2020 20:25:07 GMT-0600 (hora estándar central),17.19,54.00,1,0,0
Sat Nov 21 2020 20:25:10 GMT-0600 (hora estándar central),17.13,54.00,1,0,0
Sat Nov 21 2020 20:25:13 GMT-0600 (hora estándar central),17.13,54.00,1,0,0
Sat Nov 21 2020 20:25:17 GMT-0600 (hora estándar central),17.13,54.00,1,0,0
Sat Nov 21 2020 20:25:20 GMT-0600 (hora estándar central),17.13,54.00,1,0,0
Sat Nov 21 2020 20:25:23 GMT-0600 (hora estándar central),17.13,54.00,1,0,0
Sat Nov 21 2020 20:25:27 GMT-0600 (hora estándar central),17.13,54.00,1,0,0
Sat Nov 21 2020 20:25:30 GMT-0600 (hora estándar central),17.19,54.00,1,0,0
Sat Nov 21 2020 20:25:33 GMT-0600 (hora estándar central),17.13,54.00,1,0,0
Sat Nov 21 2020 20:25:36 GMT-0600 (hora estándar central),17.19,54.00,1,0,0
Sat Nov 21 2020 20:25:40 GMT-0600 (hora estándar central),17.13,54.00,1,0,0
Sat Nov 21 2020 20:25:43 GMT-0600 (hora estándar central),17.19,54.00,1,0,0
Sat Nov 21 2020 20:25:46 GMT-0600 (hora estándar central),17.19,54.00,1,0,0
Sat Nov 21 2020 20:25:50 GMT-0600 (hora estándar central),17.19,54.00,1,0,0
Sat Nov 21 2020 20:25:53 GMT-0600 (hora estándar central),17.19,54.00,1,0,0
Sat Nov 21 2020 20:25:56 GMT-0600 (hora estándar central),17.19,54.00,1,0,0
Sat Nov 21 2020 20:26:00 GMT-0600 (hora estándar central),17.19,54.00,1,0,0
Sat Nov 21 2020 20:26:03 GMT-0600 (hora estándar central),17.13,54.00,1,0,0
Sat Nov 21 2020 20:26:06 GMT-0600 (hora estándar central),17.13,54.00,1,0,0
Sat Nov 21 2020 20:26:09 GMT-0600 (hora estándar central),17.13,54.00,1,0,0
Sat Nov 21 2020 20:43:17 GMT-0600 (hora estándar central),18.00,18.00,0,0,0
Sat Nov 21 2020 20:43:20 GMT-0600 (hora estándar central),18.06,18.00,0,0,0
Sat Nov 21 2020 20:43:24 GMT-0600 (hora estándar central),18.00,18.00,0,0,0
Sat Nov 21 2020 20:43:27 GMT-0600 (hora estándar central),18.00,18.00,0,0,0
Sat Nov 21 2020 20:43:30 GMT-0600 (hora estándar central),18.06,18.00,0,0,0
Sat Nov 21 2020 20:43:33 GMT-0600 (hora estándar central),18.06,18.00,0,0,0
Sat Nov 21 2020 20:43:37 GMT-0600 (hora estándar central),18.06,18.00,0,0,0
Sat Nov 21 2020 20:43:40 GMT-0600 (hora estándar central),18.06,18.00,0,0,0
Sat Nov 21 2020 20:43:43 GMT-0600 (hora estándar central),18.00,18.00,0,0,0
Sat Nov 21 2020 20:43:47 GMT-0600 (hora estándar central),18.06,18.00,0,0,0
Sat Nov 21 2020 20:43:50 GMT-0600 (hora estándar central),18.06,18.00,0,0,0
Sat Nov 21 2020 20:43:53 GMT-0600 (hora estándar central),18.00,18.00,0,0,0
Sat Nov 21 2020 20:43:57 GMT-0600 (hora estándar central),18.00,18.00,0,0,0
Sat Nov 21 2020 20:44:00 GMT-0600 (hora estándar central),18.06,18.00,0,0,0
Sat Nov 21 2020 20:44:03 GMT-0600 (hora estándar central),18.06,18.00,0,0,0
Sat Nov 21 2020 20:44:06 GMT-0600 (hora estándar central),18.06,18.00,0,0,0
Sat Nov 21 2020 20:44:10 GMT-0600 (hora estándar central),18.06,18.00,0,0,0
Sat Nov 21 2020 20:44:13 GMT-0600 (hora estándar central),18.06,18.00,0,0,0
Sat Nov 21 2020 20:44:16 GMT-0600 (hora estándar central),18.13,18.00,0,0,0
Sat Nov 21 2020 20:44:20 GMT-0600 (hora estándar central),18.13,18.00,0,0,0
Sat Nov 21 2020 20:44:23 GMT-0600 (hora estándar central),18.13,18.00,0,0,0
Sat Nov 21 2020 20:44:26 GMT-0600 (hora estándar central),18.13,18.00,0,0,0
Sat Nov 21 2020 20:44:30 GMT-0600 (hora estándar central),18.06,18.00,0,0,0
Sat Nov 21 2020 20:44:33 GMT-0600 (hora estándar central),18.13,18.00,0,0,0
Sat Nov 21 2020 20:44:36 GMT-0600 (hora estándar central),18.13,18.00,0,0,0
Sat Nov 21 2020 20:44:39 GMT-0600 (hora estándar central),18.13,18.00,0,0,0
Sat Nov 21 2020 20:44:43 GMT-0600 (hora estándar central),18.13,18.00,0,0,0
Sat Nov 21 2020 20:44:46 GMT-0600 (hora estándar central),18.13,18.00,0,0,0
Sat Nov 21 2020 20:44:49 GMT-0600 (hora estándar central),18.06,18.00,0,0,0
Sat Nov 21 2020 20:44:53 GMT-0600 (hora estándar central),18.13,18.00,0,0,0
Sat Nov 21 2020 20:44:56 GMT-0600 (hora estándar central),18.13,18.00,0,0,0
Sat Nov 21 2020 20:44:59 GMT-0600 (hora estándar central),18.13,18.00,0,0,0
Sat Nov 21 2020 20:45:03 GMT-0600 (hora estándar central),18.13,18.00,0,0,0
Sat Nov 21 2020 20:45:06 GMT-0600 (hora estándar central),18.06,18.00,0,0,0
Sat Nov 21 2020 20:45:09 GMT-0600 (hora estándar central),18.13,18.00,0,0,0
Sat Nov 21 2020 20:45:12 GMT-0600 (hora estándar central),18.13,18.00,0,0,0
Sat Nov 21 2020 20:45:16 GMT-0600 (hora estándar central),18.19,18.00,0,0,0
Sat Nov 21 2020 20:45:19 GMT-0600 (hora estándar central),18.13,18.00,0,0,0
Sat Nov 21 2020 20:45:22 GMT-0600 (hora estándar central),18.13,18.00,0,0,0
Sat Nov 21 2020 20:45:26 GMT-0600 (hora estándar central),18.13,18.00,0,0,0
Sat Nov 21 2020 20:45:29 GMT-0600 (hora estándar central),18.13,18.00,0,0,0
Sat Nov 21 2020 20:45:32 GMT-0600 (hora estándar central),18.19,18.00,0,0,0
Sat Nov 21 2020 20:45:36 GMT-0600 (hora estándar central),18.13,18.00,0,0,0
Sat Nov 21 2020 20:45:39 GMT-0600 (hora estándar central),18.19,18.00,0,0,0
Sat Nov 21 2020 20:45:42 GMT-0600 (hora estándar central),18.13,18.00,0,0,0
Sat Nov 21 2020 20:45:45 GMT-0600 (hora estándar central),18.13,18.00,0,0,0
Sat Nov 21 2020 20:45:49 GMT-0600 (hora estándar central),18.13,18.00,0,0,0
Sat Nov 21 2020 20:45:52 GMT-0600 (hora estándar central),18.19,18.00,0,0,0
Sat Nov 21 2020 20:45:55 GMT-0600 (hora estándar central),18.13,18.00,0,0,0
Sat Nov 21 2020 20:45:59 GMT-0600 (hora estándar central),18.19,18.00,0,0,0
Sat Nov 21 2020 20:46:02 GMT-0600 (hora estándar central),18.13,18.00,0,0,0
Sat Nov 21 2020 20:46:05 GMT-0600 (hora estándar central),18.19,18.00,0,0,0
Sat Nov 21 2020 20:46:09 GMT-0600 (hora estándar central),18.13,18.00,0,0,0
Sat Nov 21 2020 20:46:12 GMT-0600 (hora estándar central),18.06,18.00,0,0,0
Sat Nov 21 2020 20:46:15 GMT-0600 (hora estándar central),18.13,18.00,0,0,0
Sat Nov 21 2020 20:46:18 GMT-0600 (hora estándar central),18.19,18.00,0,0,0
Sat Nov 21 2020 20:46:22 GMT-0600 (hora estándar central),18.13,18.00,0,0,0
Sat Nov 21 2020 20:46:25 GMT-0600 (hora estándar central),18.13,18.00,0,0,0
Sat Nov 21 2020 20:46:28 GMT-0600 (hora estándar central),18.19,18.00,0,0,0
Sat Nov 21 2020 20:46:32 GMT-0600 (hora estándar central),18.13,18.00,0,0,0
Sat Nov 21 2020 20:46:35 GMT-0600 (hora estándar central),18.13,18.00,0,0,0
Sat Nov 21 2020 20:46:38 GMT-0600 (hora estándar central),18.13,18.00,0,0,0
Sat Nov 21 2020 20:46:42 GMT-0600 (hora estándar central),18.13,18.00,0,0,0
Sat Nov 21 2020 20:46:45 GMT-0600 (hora estándar central),18.13,18.00,0,0,0
Sat Nov 21 2020 20:46:48 GMT-0600 (hora estándar central),18.19,18.00,0,0,0
Sat Nov 21 2020 20:46:51 GMT-0600 (hora estándar central),18.13,18.00,0,0,0
Sat Nov 21 2020 20:46:55 GMT-0600 (hora estándar central),18.13,18.00,0,0,0
Sat Nov 21 2020 20:46:58 GMT-0600 (hora estándar central),18.13,18.00,0,0,0
Sat Nov 21 2020 20:47:01 GMT-0600 (hora estándar central),18.19,18.00,0,0,0
Sat Nov 21 2020 20:47:05 GMT-0600 (hora estándar central),18.19,18.00,0,0,0
Sat Nov 21 2020 20:47:08 GMT-0600 (hora estándar central),18.13,18.00,0,0,0
Sat Nov 21 2020 20:47:11 GMT-0600 (hora estándar central),18.19,18.00,0,0,0
Sat Nov 21 2020 20:47:14 GMT-0600 (hora estándar central),18.19,18.00,0,0,0
Sat Nov 21 2020 20:47:18 GMT-0600 (hora estándar central),18.19,18.00,0,0,0
Sat Nov 21 2020 20:47:21 GMT-0600 (hora estándar central),18.13,18.00,0,0,0
Sat Nov 21 2020 20:47:24 GMT-0600 (hora estándar central),18.13,18.00,0,0,0
Sat Nov 21 2020 20:47:28 GMT-0600 (hora estándar central),18.13,18.00,0,0,0
Sat Nov 21 2020 20:47:31 GMT-0600 (hora estándar central),18.13,18.00,0,0,0
Sat Nov 21 2020 20:47:34 GMT-0600 (hora estándar central),18.13,18.00,0,0,0
Sat Nov 21 2020 20:47:38 GMT-0600 (hora estándar central),18.19,18.00,0,0,0
Sat Nov 21 2020 20:47:41 GMT-0600 (hora estándar central),18.19,18.00,0,0,0
Sat Nov 21 2020 20:47:44 GMT-0600 (hora estándar central),18.13,18.00,0,0,0
Sat Nov 21 2020 20:47:47 GMT-0600 (hora estándar central),18.13,18.00,0,0,0
Sat Nov 21 2020 20:47:51 GMT-0600 (hora estándar central),18.13,18.00,0,0,0
Sat Nov 21 2020 20:47:54 GMT-0600 (hora estándar central),18.19,18.00,0,0,0
Sat Nov 21 2020 20:47:57 GMT-0600 (hora estándar central),18.13,18.00,0,0,0
Sat Nov 21 2020 20:48:01 GMT-0600 (hora estándar central),18.13,18.00,0,0,0
Sat Nov 21 2020 20:48:04 GMT-0600 (hora estándar central),18.13,18.00,0,0,0
Sat Nov 21 2020 20:48:07 GMT-0600 (hora estándar central),18.19,18.00,0,0,0
Sat Nov 21 2020 20:48:11 GMT-0600 (hora estándar central),18.19,18.00,0,0,0
Sat Nov 21 2020 20:48:14 GMT-0600 (hora estándar central),18.19,18.00,0,0,0
Sat Nov 21 2020 20:48:17 GMT-0600 (hora estándar central),18.19,18.00,0,0,0
Sat Nov 21 2020 20:48:20 GMT-0600 (hora estándar central),18.19,18.00,0,0,0
Sat Nov 21 2020 20:48:24 GMT-0600 (hora estándar central),18.13,18.00,0,0,0
Sat Nov 21 2020 20:48:27 GMT-0600 (hora estándar central),18.13,18.00,0,0,0
Sat Nov 21 2020 20:48:28 GMT-0600 (hora estándar central),18.13,17,0,0,0
Sat Nov 21 2020 20:48:30 GMT-0600 (hora estándar central),18.19,17.00,0,1,0
Sat Nov 21 2020 20:48:34 GMT-0600 (hora estándar central),18.19,17.00,0,1,0
Sat Nov 21 2020 20:48:37 GMT-0600 (hora estándar central),18.19,17.00,0,1,0
Sat Nov 21 2020 20:48:40 GMT-0600 (hora estándar central),18.19,17.00,0,1,0
Sat Nov 21 2020 20:48:43 GMT-0600 (hora estándar central),18.19,18,0,1,0
Sat Nov 21 2020 20:48:44 GMT-0600 (hora estándar central),18.19,17.00,0,1,0
Sat Nov 21 2020 20:48:47 GMT-0600 (hora estándar central),18.19,18.00,0,0,0
Sat Nov 21 2020 20:48:50 GMT-0600 (hora estándar central),18.25,18.00,0,0,0
Sat Nov 21 2020 20:48:53 GMT-0600 (hora estándar central),18.19,18.00,0,0,0
Sat Nov 21 2020 20:48:57 GMT-0600 (hora estándar central),18.19,18.00,0,0,0
Sat Nov 21 2020 20:49:00 GMT-0600 (hora estándar central),18.19,18.00,0,0,0
Sat Nov 21 2020 20:49:03 GMT-0600 (hora estándar central),18.19,18.00,0,0,0
Sat Nov 21 2020 20:49:07 GMT-0600 (hora estándar central),18.19,18.00,0,0,0
Sat Nov 21 2020 20:49:10 GMT-0600 (hora estándar central),18.19,18.00,0,0,0
Sat Nov 21 2020 20:49:13 GMT-0600 (hora estándar central),18.19,18.00,0,0,0
Sat Nov 21 2020 20:49:17 GMT-0600 (hora estándar central),18.19,18.00,0,0,0
Sat Nov 21 2020 20:49:20 GMT-0600 (hora estándar central),18.19,18.00,0,0,0
Sat Nov 21 2020 20:49:23 GMT-0600 (hora estándar central),18.25,18.00,0,0,0
Sat Nov 21 2020 20:49:26 GMT-0600 (hora estándar central),18.19,18.00,0,0,0
Sat Nov 21 2020 20:49:30 GMT-0600 (hora estándar central),18.19,18.00,0,0,0
Sat Nov 21 2020 20:49:33 GMT-0600 (hora estándar central),18.19,18,0,0,1
Sat Nov 21 2020 20:49:33 GMT-0600 (hora estándar central),18.19,18.00,0,0,0
Sat Nov 21 2020 20:49:34 GMT-0600 (hora estándar central),18.19,18,0,0,1
Sat Nov 21 2020 20:49:36 GMT-0600 (hora estándar central),18.19,18.00,0,0,118
Sat Nov 21 2020 20:49:39 GMT-0600 (hora estándar central),18.19,18,0,0,0
Sat Nov 21 2020 20:49:40 GMT-0600 (hora estándar central),18.25,18.00,0,0,118
Sat Nov 21 2020 20:49:43 GMT-0600 (hora estándar central),18.19,18.00,0,0,0
Sat Nov 21 2020 20:49:46 GMT-0600 (hora estándar central),18.19,18,0,0,1
Sat Nov 21 2020 20:49:46 GMT-0600 (hora estándar central),18.25,18.00,0,0,0
Sat Nov 21 2020 20:49:50 GMT-0600 (hora estándar central),18.25,18.00,0,0,1
Sat Nov 21 2020 20:49:53 GMT-0600 (hora estándar central),18.19,18.00,0,0,1
Sat Nov 21 2020 20:49:56 GMT-0600 (hora estándar central),18.19,18.00,0,0,1
Sat Nov 21 2020 20:49:59 GMT-0600 (hora estándar central),18.25,18.00,0,0,1
Sat Nov 21 2020 20:50:03 GMT-0600 (hora estándar central),18.19,18.00,0,0,1
Sat Nov 21 2020 20:50:04 GMT-0600 (hora estándar central),18.19,18,0,0,0
Sat Nov 21 2020 20:50:06 GMT-0600 (hora estándar central),18.25,18.00,0,0,0
Sat Nov 21 2020 20:50:09 GMT-0600 (hora estándar central),18.19,18.00,0,0,0
Sat Nov 21 2020 20:50:13 GMT-0600 (hora estándar central),18.19,18.00,0,0,0
Sat Nov 21 2020 20:50:16 GMT-0600 (hora estándar central),18.19,18.00,0,0,0
Sat Nov 21 2020 20:50:19 GMT-0600 (hora estándar central),18.19,18.00,0,0,0
Sat Nov 21 2020 20:50:23 GMT-0600 (hora estándar central),18.19,18.00,0,0,0
Sat Nov 21 2020 20:50:26 GMT-0600 (hora estándar central),18.19,18.00,0,0,0
Sat Nov 21 2020 20:50:29 GMT-0600 (hora estándar central),18.19,18.00,0,0,0
Sat Nov 21 2020 20:50:32 GMT-0600 (hora estándar central),18.19,18.00,0,0,0
Sat Nov 21 2020 20:50:36 GMT-0600 (hora estándar central),18.25,18.00,0,0,0
Sat Nov 21 2020 20:50:39 GMT-0600 (hora estándar central),18.19,18.00,0,0,0
Sat Nov 21 2020 20:50:42 GMT-0600 (hora estándar central),18.19,18.00,0,0,0
Sat Nov 21 2020 20:50:46 GMT-0600 (hora estándar central),18.25,18.00,0,0,0
Sat Nov 21 2020 20:50:49 GMT-0600 (hora estándar central),18.25,18.00,0,0,0
Sat Nov 21 2020 20:50:52 GMT-0600 (hora estándar central),18.25,18.00,0,0,0
Sat Nov 21 2020 20:50:56 GMT-0600 (hora estándar central),18.25,18.00,0,0,0
Sat Nov 21 2020 20:50:59 GMT-0600 (hora estándar central),18.25,18.00,0,0,0
Sat Nov 21 2020 20:51:02 GMT-0600 (hora estándar central),18.19,18.00,0,0,0
Sat Nov 21 2020 20:51:05 GMT-0600 (hora estándar central),18.25,18.00,0,0,0
Sat Nov 21 2020 20:51:09 GMT-0600 (hora estándar central),18.25,18.00,0,0,0
Sat Nov 21 2020 20:51:12 GMT-0600 (hora estándar central),18.25,18.00,0,0,0
Sat Nov 21 2020 20:51:15 GMT-0600 (hora estándar central),18.19,18.00,0,0,0
Sat Nov 21 2020 20:51:19 GMT-0600 (hora estándar central),18.19,18.00,0,0,0
Sat Nov 21 2020 20:51:22 GMT-0600 (hora estándar central),18.25,18.00,0,0,0
Sat Nov 21 2020 20:51:25 GMT-0600 (hora estándar central),18.25,18.00,0,0,0
Sat Nov 21 2020 20:51:28 GMT-0600 (hora estándar central),18.25,18.00,0,0,0
Sat Nov 21 2020 20:51:32 GMT-0600 (hora estándar central),18.19,18.00,0,0,0
Sat Nov 21 2020 20:51:35 GMT-0600 (hora estándar central),18.19,18.00,0,0,0
Sat Nov 21 2020 20:51:38 GMT-0600 (hora estándar central),18.19,18.00,0,0,0
Sat Nov 21 2020 20:51:42 GMT-0600 (hora estándar central),18.19,18.00,0,0,0
Sat Nov 21 2020 20:51:45 GMT-0600 (hora estándar central),18.19,18.00,0,0,0
Sat Nov 21 2020 20:51:48 GMT-0600 (hora estándar central),18.25,18.00,0,0,0
Sat Nov 21 2020 20:51:52 GMT-0600 (hora estándar central),18.25,18.00,0,0,0
Sat Nov 21 2020 20:51:55 GMT-0600 (hora estándar central),18.25,18.00,0,0,0
Sat Nov 21 2020 20:51:58 GMT-0600 (hora estándar central),18.19,18.00,0,0,0
Sat Nov 21 2020 20:52:01 GMT-0600 (hora estándar central),18.25,18.00,0,0,0
Sat Nov 21 2020 20:52:05 GMT-0600 (hora estándar central),18.25,18.00,0,0,0
Sat Nov 21 2020 20:52:08 GMT-0600 (hora estándar central),18.25,18.00,0,0,0
Sat Nov 21 2020 20:52:11 GMT-0600 (hora estándar central),18.25,18.00,0,0,0
Sat Nov 21 2020 20:52:15 GMT-0600 (hora estándar central),18.25,18.00,0,0,0
Sat Nov 21 2020 20:52:18 GMT-0600 (hora estándar central),18.25,18.00,0,0,0
Sat Nov 21 2020 20:52:21 GMT-0600 (hora estándar central),18.31,18.00,0,0,0
Sat Nov 21 2020 20:52:25 GMT-0600 (hora estándar central),18.25,18.00,0,0,0
Sat Nov 21 2020 20:52:28 GMT-0600 (hora estándar central),18.25,18.00,0,0,0
Sat Nov 21 2020 20:52:31 GMT-0600 (hora estándar central),18.31,18.00,0,0,0
Sat Nov 21 2020 20:52:34 GMT-0600 (hora estándar central),18.25,18.00,0,0,0
Sat Nov 21 2020 20:52:38 GMT-0600 (hora estándar central),18.25,18.00,0,0,0
Sat Nov 21 2020 20:52:41 GMT-0600 (hora estándar central),18.25,18.00,0,0,0
Sat Nov 21 2020 20:52:44 GMT-0600 (hora estándar central),18.25,18.00,0,0,0
Sat Nov 21 2020 20:52:48 GMT-0600 (hora estándar central),18.31,18.00,0,0,0
Sat Nov 21 2020 20:52:51 GMT-0600 (hora estándar central),18.31,18.00,0,0,0
Sat Nov 21 2020 20:52:54 GMT-0600 (hora estándar central),18.31,18.00,0,0,0
Sat Nov 21 2020 20:52:58 GMT-0600 (hora estándar central),18.25,18.00,0,0,0
Sat Nov 21 2020 20:53:01 GMT-0600 (hora estándar central),18.25,18.00,0,0,0
Sat Nov 21 2020 20:53:04 GMT-0600 (hora estándar central),18.31,18.00,0,0,0
Sat Nov 21 2020 20:53:07 GMT-0600 (hora estándar central),18.25,18.00,0,0,0
Sat Nov 21 2020 20:53:11 GMT-0600 (hora estándar central),18.25,18.00,0,0,0
Sat Nov 21 2020 20:53:14 GMT-0600 (hora estándar central),18.31,18.00,0,0,0
Sat Nov 21 2020 20:53:17 GMT-0600 (hora estándar central),18.31,18.00,0,0,0
Sat Nov 21 2020 20:53:21 GMT-0600 (hora estándar central),18.31,18.00,0,0,0
Sat Nov 21 2020 20:53:24 GMT-0600 (hora estándar central),18.25,18.00,0,0,0
Sat Nov 21 2020 20:53:27 GMT-0600 (hora estándar central),18.25,18.00,0,0,0
Sat Nov 21 2020 20:53:31 GMT-0600 (hora estándar central),18.25,18.00,0,0,0
Sat Nov 21 2020 20:53:34 GMT-0600 (hora estándar central),18.25,18.00,0,0,0
Sat Nov 21 2020 20:53:37 GMT-0600 (hora estándar central),18.25,18.00,0,0,0
Sat Nov 21 2020 20:53:40 GMT-0600 (hora estándar central),18.31,18.00,0,0,0
Sat Nov 21 2020 20:53:44 GMT-0600 (hora estándar central),18.25,18.00,0,0,0
Sat Nov 21 2020 20:53:47 GMT-0600 (hora estándar central),18.25,18.00,0,0,0
Sat Nov 21 2020 20:53:56 GMT-0600 (hora estándar central),18.25,18.00,0,0,0
Sat Nov 21 2020 20:53:59 GMT-0600 (hora estándar central),18.25,18.00,0,0,0
Sat Nov 21 2020 20:54:02 GMT-0600 (hora estándar central),18.25,18.00,0,0,0
Sat Nov 21 2020 20:54:05 GMT-0600 (hora estándar central),18.31,18.00,0,0,0
Sat Nov 21 2020 20:54:09 GMT-0600 (hora estándar central),18.25,18.00,0,0,0
Sat Nov 21 2020 20:54:16 GMT-0600 (hora estándar central),18.31,18.00,0,0,0
Sat Nov 21 2020 20:54:19 GMT-0600 (hora estándar central),18.25,18.00,0,0,0
Sat Nov 21 2020 20:54:23 GMT-0600 (hora estándar central),18.31,18.00,0,0,0
Sat Nov 21 2020 20:54:26 GMT-0600 (hora estándar central),18.31,18,0,0,1
Sat Nov 21 2020 20:54:54 GMT-0600 (hora estándar central),18.31,18,1,0,1
Sat Nov 21 2020 20:55:08 GMT-0600 (hora estándar central),18.25,18.00,0,0,0
Sat Nov 21 2020 20:55:11 GMT-0600 (hora estándar central),18.25,18,0,0,1
Sat Nov 21 2020 20:55:11 GMT-0600 (hora estándar central),18.31,18.00,0,0,0
Sat Nov 21 2020 20:55:15 GMT-0600 (hora estándar central),18.31,18.00,0,0,1
Sat Nov 21 2020 20:55:17 GMT-0600 (hora estándar central),18.31,18,0,1,1
Sat Nov 21 2020 20:55:18 GMT-0600 (hora estándar central),18.31,18.00,0,0,1
Sat Nov 21 2020 20:55:21 GMT-0600 (hora estándar central),18.38,18.00,0,1,1
Sat Nov 21 2020 20:55:25 GMT-0600 (hora estándar central),18.31,18.00,0,1,1
Sat Nov 21 2020 20:55:28 GMT-0600 (hora estándar central),18.31,18.00,0,1,1
Sat Nov 21 2020 20:55:31 GMT-0600 (hora estándar central),18.38,18.00,0,1,1
Sat Nov 21 2020 20:55:35 GMT-0600 (hora estándar central),18.31,18.00,0,1,1
Sat Nov 21 2020 20:55:38 GMT-0600 (hora estándar central),18.38,18.00,0,1,1
Sat Nov 21 2020 20:55:41 GMT-0600 (hora estándar central),18.31,18.00,0,1,1
Sat Nov 21 2020 20:55:44 GMT-0600 (hora estándar central),18.31,18.00,0,1,1
Sat Nov 21 2020 20:55:48 GMT-0600 (hora estándar central),18.31,18.00,0,1,1
Sat Nov 21 2020 20:55:51 GMT-0600 (hora estándar central),18.31,18.00,0,1,1
Sat Nov 21 2020 20:55:54 GMT-0600 (hora estándar central),18.31,18.00,0,1,1
Sat Nov 21 2020 20:55:58 GMT-0600 (hora estándar central),18.38,18.00,0,1,1
Sat Nov 21 2020 20:56:00 GMT-0600 (hora estándar central),18.38,18,0,0,1
Sat Nov 21 2020 20:56:01 GMT-0600 (hora estándar central),18.31,18.00,0,1,1
Sat Nov 21 2020 20:56:04 GMT-0600 (hora estándar central),18.31,18.00,0,0,1
Sat Nov 21 2020 20:56:06 GMT-0600 (hora estándar central),18.31,18,1,0,1
Sat Nov 21 2020 20:56:08 GMT-0600 (hora estándar central),18.31,18.00,1,0,1
Sat Nov 21 2020 20:56:11 GMT-0600 (hora estándar central),18.38,18.00,1,0,1
Sat Nov 21 2020 20:56:14 GMT-0600 (hora estándar central),18.38,18.00,1,0,1
Sat Nov 21 2020 20:56:17 GMT-0600 (hora estándar central),18.38,18.00,1,0,1
Sat Nov 21 2020 20:56:21 GMT-0600 (hora estándar central),18.38,18.00,1,0,1
Sat Nov 21 2020 20:56:24 GMT-0600 (hora estándar central),18.38,18.00,1,0,1
Sat Nov 21 2020 20:56:27 GMT-0600 (hora estándar central),18.38,18.00,1,0,1
Sat Nov 21 2020 20:56:31 GMT-0600 (hora estándar central),18.44,18.00,1,0,1
Sat Nov 21 2020 20:56:34 GMT-0600 (hora estándar central),18.38,18.00,1,0,1
Sat Nov 21 2020 20:56:37 GMT-0600 (hora estándar central),18.31,18.00,1,0,1
Sat Nov 21 2020 20:56:41 GMT-0600 (hora estándar central),18.38,18.00,1,0,1
Sat Nov 21 2020 20:56:44 GMT-0600 (hora estándar central),18.31,18.00,1,0,1
Sat Nov 21 2020 20:56:47 GMT-0600 (hora estándar central),18.31,18.00,1,0,1
Sat Nov 21 2020 20:58:01 GMT-0600 (hora estándar central),18.38,18.00,0,0,0
Sat Nov 21 2020 20:58:05 GMT-0600 (hora estándar central),18.38,18.00,0,0,0
Sat Nov 21 2020 20:58:08 GMT-0600 (hora estándar central),18.44,18.00,0,0,0
Sat Nov 21 2020 20:58:10 GMT-0600 (hora estándar central),18.44,18,0,0,1
Sat Nov 21 2020 20:58:11 GMT-0600 (hora estándar central),18.44,18.00,0,0,1
Sat Nov 21 2020 20:58:11 GMT-0600 (hora estándar central),18.44,18.00,0,0,1
Sat Nov 21 2020 20:58:13 GMT-0600 (hora estándar central),18.44,18,0,1,1
Sat Nov 21 2020 20:58:14 GMT-0600 (hora estándar central),18.44,18.00,0,1,1
Sat Nov 21 2020 20:58:15 GMT-0600 (hora estándar central),18.44,18.00,0,1,1
Sat Nov 21 2020 20:58:18 GMT-0600 (hora estándar central),18.38,18.00,0,1,1
Sat Nov 21 2020 20:58:19 GMT-0600 (hora estándar central),18.38,18,0,0,1
Sat Nov 21 2020 20:58:20 GMT-0600 (hora estándar central),18.38,18.00,0,0,1
Sat Nov 21 2020 20:58:21 GMT-0600 (hora estándar central),18.38,18.00,0,0,1
Sat Nov 21 2020 20:58:23 GMT-0600 (hora estándar central),18.38,18,1,0,1
Sat Nov 21 2020 20:58:24 GMT-0600 (hora estándar central),18.38,18.00,1,0,1
Sat Nov 21 2020 20:58:25 GMT-0600 (hora estándar central),18.38,18.00,1,0,1
Sat Nov 21 2020 20:58:28 GMT-0600 (hora estándar central),18.44,18.00,1,0,1
Sat Nov 21 2020 20:58:29 GMT-0600 (hora estándar central),18.44,18,0,0,1
Sat Nov 21 2020 20:58:30 GMT-0600 (hora estándar central),18.44,18.00,0,0,1
Sat Nov 21 2020 20:58:31 GMT-0600 (hora estándar central),18.44,18.00,0,0,1
Sat Nov 21 2020 20:58:34 GMT-0600 (hora estándar central),18.38,18.00,0,0,1
Sat Nov 21 2020 20:58:38 GMT-0600 (hora estándar central),18.38,18.00,0,0,1
Sat Nov 21 2020 20:58:41 GMT-0600 (hora estándar central),18.38,18.00,0,0,1
Sat Nov 21 2020 20:58:44 GMT-0600 (hora estándar central),18.44,18.00,0,0,1
Sat Nov 21 2020 20:58:48 GMT-0600 (hora estándar central),18.44,18.00,0,0,1
Sat Nov 21 2020 20:58:51 GMT-0600 (hora estándar central),18.44,18.00,0,0,1
Sat Nov 21 2020 20:58:54 GMT-0600 (hora estándar central),18.44,18.00,0,0,1
Sat Nov 21 2020 20:58:58 GMT-0600 (hora estándar central),18.44,18.00,0,0,1
Sat Nov 21 2020 20:59:01 GMT-0600 (hora estándar central),18.44,18.00,0,0,1
Sat Nov 21 2020 20:59:04 GMT-0600 (hora estándar central),18.38,18.00,0,0,1
Sat Nov 21 2020 20:59:07 GMT-0600 (hora estándar central),18.44,18.00,0,0,1
Sat Nov 21 2020 20:59:11 GMT-0600 (hora estándar central),18.44,18.00,0,0,1
Sat Nov 21 2020 20:59:14 GMT-0600 (hora estándar central),18.44,18.00,0,0,1
Sat Nov 21 2020 20:59:17 GMT-0600 (hora estándar central),18.44,18.00,0,0,1
Sat Nov 21 2020 20:59:21 GMT-0600 (hora estándar central),18.44,18.00,0,0,1
Sat Nov 21 2020 20:59:24 GMT-0600 (hora estándar central),18.44,18.00,0,0,1
Sat Nov 21 2020 20:59:27 GMT-0600 (hora estándar central),18.44,18.00,0,0,1
Sat Nov 21 2020 20:59:31 GMT-0600 (hora estándar central),18.44,18.00,0,0,1
Sat Nov 21 2020 20:59:34 GMT-0600 (hora estándar central),18.44,18.00,0,0,1
Sat Nov 21 2020 20:59:37 GMT-0600 (hora estándar central),18.44,18.00,0,0,1
Sat Nov 21 2020 20:59:40 GMT-0600 (hora estándar central),18.50,18.00,0,0,1
Sat Nov 21 2020 20:59:44 GMT-0600 (hora estándar central),18.44,18.00,0,0,1
Sat Nov 21 2020 20:59:47 GMT-0600 (hora estándar central),18.44,18.00,0,0,1
Sat Nov 21 2020 20:59:50 GMT-0600 (hora estándar central),18.44,18.00,0,0,1
Sat Nov 21 2020 20:59:54 GMT-0600 (hora estándar central),18.44,18.00,0,0,1
Sat Nov 21 2020 20:59:57 GMT-0600 (hora estándar central),18.44,18.00,0,0,1
Sat Nov 21 2020 21:00:00 GMT-0600 (hora estándar central),18.50,18.00,0,0,1
Sat Nov 21 2020 21:00:04 GMT-0600 (hora estándar central),18.50,18.00,0,0,1
Sat Nov 21 2020 21:00:07 GMT-0600 (hora estándar central),18.50,18.00,0,0,1
Sat Nov 21 2020 21:00:10 GMT-0600 (hora estándar central),18.50,18.00,0,0,1
Sat Nov 21 2020 21:00:13 GMT-0600 (hora estándar central),18.50,18.00,0,0,1
Sat Nov 21 2020 21:00:17 GMT-0600 (hora estándar central),18.50,18.00,0,0,1
Sat Nov 21 2020 21:00:20 GMT-0600 (hora estándar central),18.44,18.00,0,0,1
Sat Nov 21 2020 21:00:23 GMT-0600 (hora estándar central),18.44,18.00,0,0,1
Sat Nov 21 2020 21:00:27 GMT-0600 (hora estándar central),18.44,18.00,0,0,1
Sat Nov 21 2020 21:00:30 GMT-0600 (hora estándar central),18.50,18.00,0,0,1
Sat Nov 21 2020 21:00:33 GMT-0600 (hora estándar central),18.50,18.00,0,0,1
Sat Nov 21 2020 21:00:37 GMT-0600 (hora estándar central),18.50,18.00,0,0,1
Sat Nov 21 2020 21:00:40 GMT-0600 (hora estándar central),18.50,18.00,0,0,1
Sat Nov 21 2020 21:00:43 GMT-0600 (hora estándar central),18.50,18.00,0,0,1
Sat Nov 21 2020 21:00:46 GMT-0600 (hora estándar central),18.50,18.00,0,0,1
Sat Nov 21 2020 21:00:50 GMT-0600 (hora estándar central),18.50,18.00,0,0,1
Sat Nov 21 2020 21:00:53 GMT-0600 (hora estándar central),18.50,18.00,0,0,1
Sat Nov 21 2020 21:00:56 GMT-0600 (hora estándar central),18.50,18.00,0,0,1
Sat Nov 21 2020 21:01:00 GMT-0600 (hora estándar central),18.50,18.00,0,0,1
Sat Nov 21 2020 21:01:03 GMT-0600 (hora estándar central),18.50,18.00,0,0,1
Sat Nov 21 2020 21:01:06 GMT-0600 (hora estándar central),18.56,18.00,0,0,1
Sat Nov 21 2020 21:01:09 GMT-0600 (hora estándar central),18.50,18.00,0,0,1
Sat Nov 21 2020 21:01:13 GMT-0600 (hora estándar central),18.63,18.00,0,0,1
Sat Nov 21 2020 21:01:16 GMT-0600 (hora estándar central),18.56,18.00,0,0,1
Sat Nov 21 2020 21:01:19 GMT-0600 (hora estándar central),18.50,18.00,0,0,1
Sat Nov 21 2020 21:01:23 GMT-0600 (hora estándar central),18.50,18.00,0,0,1
Sat Nov 21 2020 21:01:26 GMT-0600 (hora estándar central),18.50,18.00,0,0,1
Sat Nov 21 2020 21:01:29 GMT-0600 (hora estándar central),18.50,18.00,0,0,1
Sat Nov 21 2020 21:01:33 GMT-0600 (hora estándar central),18.50,18.00,0,0,1
Sat Nov 21 2020 21:01:36 GMT-0600 (hora estándar central),18.50,18.00,0,0,1
Sat Nov 21 2020 21:01:39 GMT-0600 (hora estándar central),18.56,18.00,0,0,1
Sat Nov 21 2020 21:01:43 GMT-0600 (hora estándar central),18.50,18.00,0,0,1
Sat Nov 21 2020 21:01:46 GMT-0600 (hora estándar central),18.50,18.00,0,0,1
Sat Nov 21 2020 21:01:49 GMT-0600 (hora estándar central),18.50,18.00,0,0,1
Sat Nov 21 2020 21:01:52 GMT-0600 (hora estándar central),18.56,18.00,0,0,1
Sat Nov 21 2020 21:01:56 GMT-0600 (hora estándar central),18.50,18.00,0,0,1
Sat Nov 21 2020 21:01:59 GMT-0600 (hora estándar central),18.56,18.00,0,0,1
Sat Nov 21 2020 21:02:02 GMT-0600 (hora estándar central),18.56,18.00,0,0,1
Sat Nov 21 2020 21:02:06 GMT-0600 (hora estándar central),18.56,18.00,0,0,1
Sat Nov 21 2020 21:02:09 GMT-0600 (hora estándar central),18.50,18.00,0,0,1
Sat Nov 21 2020 21:02:12 GMT-0600 (hora estándar central),18.56,18.00,0,0,1
Sat Nov 21 2020 21:02:15 GMT-0600 (hora estándar central),18.56,18.00,0,0,1
Sat Nov 21 2020 21:02:19 GMT-0600 (hora estándar central),18.56,18.00,0,0,1
Sat Nov 21 2020 21:02:22 GMT-0600 (hora estándar central),18.56,18.00,0,0,1
Sat Nov 21 2020 21:02:25 GMT-0600 (hora estándar central),18.56,18.00,0,0,1
Sat Nov 21 2020 21:02:29 GMT-0600 (hora estándar central),18.56,18.00,0,0,1
Sat Nov 21 2020 21:02:32 GMT-0600 (hora estándar central),18.50,18.00,0,0,1
Sat Nov 21 2020 21:02:35 GMT-0600 (hora estándar central),18.56,18.00,0,0,1
Sat Nov 21 2020 21:02:39 GMT-0600 (hora estándar central),18.56,18.00,0,0,1
Sat Nov 21 2020 21:02:42 GMT-0600 (hora estándar central),18.50,18.00,0,0,1
Sat Nov 21 2020 21:02:45 GMT-0600 (hora estándar central),18.50,18.00,0,0,1
Sat Nov 21 2020 21:02:48 GMT-0600 (hora estándar central),18.56,18.00,0,0,1
Sat Nov 21 2020 21:02:52 GMT-0600 (hora estándar central),18.50,18.00,0,0,1
Sat Nov 21 2020 21:02:55 GMT-0600 (hora estándar central),18.50,18.00,0,0,1
Sat Nov 21 2020 21:02:58 GMT-0600 (hora estándar central),18.56,18.00,0,0,1
Sat Nov 21 2020 21:03:02 GMT-0600 (hora estándar central),18.56,18.00,0,0,1
Sat Nov 21 2020 21:03:05 GMT-0600 (hora estándar central),18.56,18.00,0,0,1
Sat Nov 21 2020 21:03:08 GMT-0600 (hora estándar central),18.50,18.00,0,0,1
Sat Nov 21 2020 21:03:12 GMT-0600 (hora estándar central),18.56,18.00,0,0,1
Sat Nov 21 2020 21:03:15 GMT-0600 (hora estándar central),18.56,18.00,0,0,1
Sat Nov 21 2020 21:03:18 GMT-0600 (hora estándar central),18.56,18.00,0,0,1
Sat Nov 21 2020 21:03:21 GMT-0600 (hora estándar central),18.56,18.00,0,0,1
Sat Nov 21 2020 21:03:25 GMT-0600 (hora estándar central),18.56,18.00,0,0,1
Sat Nov 21 2020 21:03:28 GMT-0600 (hora estándar central),18.56,18.00,0,0,1
Sat Nov 21 2020 21:03:31 GMT-0600 (hora estándar central),18.56,18.00,0,0,1
Sat Nov 21 2020 21:03:32 GMT-0600 (hora estándar central),18.56,17,0,0,1
Sat Nov 21 2020 21:03:33 GMT-0600 (hora estándar central),18.56,17.00,0,0,1
Sat Nov 21 2020 21:03:35 GMT-0600 (hora estándar central),18.56,17.00,0,0,1
Sat Nov 21 2020 21:03:37 GMT-0600 (hora estándar central),18.56,18,0,0,1
Sat Nov 21 2020 21:03:38 GMT-0600 (hora estándar central),18.56,18.00,0,0,1
Sat Nov 21 2020 21:03:38 GMT-0600 (hora estándar central),18.56,18.00,0,0,1
Sat Nov 21 2020 21:03:40 GMT-0600 (hora estándar central),18.56,19,0,0,1
Sat Nov 21 2020 21:03:41 GMT-0600 (hora estándar central),18.56,20,0,0,1
Sat Nov 21 2020 21:03:41 GMT-0600 (hora estándar central),18.56,18.00,0,0,1
Sat Nov 21 2020 21:03:42 GMT-0600 (hora estándar central),18.56,17,0,0,1
Sat Nov 21 2020 21:03:42 GMT-0600 (hora estándar central),18.56,16,0,0,1
Sat Nov 21 2020 21:03:43 GMT-0600 (hora estándar central),18.56,19.00,0,0,1
Sat Nov 21 2020 21:03:45 GMT-0600 (hora estándar central),18.56,19.00,0,0,1
Sat Nov 21 2020 21:03:46 GMT-0600 (hora estándar central),18.56,18,0,0,1
Sat Nov 21 2020 21:03:47 GMT-0600 (hora estándar central),18.56,18.00,0,0,1
Sat Nov 21 2020 21:03:48 GMT-0600 (hora estándar central),18.56,18.00,0,0,1
Sat Nov 21 2020 21:03:51 GMT-0600 (hora estándar central),18.56,18.00,0,0,1
Sat Nov 21 2020 21:03:54 GMT-0600 (hora estándar central),18.56,18.00,0,0,1
Sat Nov 21 2020 21:03:58 GMT-0600 (hora estándar central),18.50,18.00,0,0,1
Sat Nov 21 2020 21:04:01 GMT-0600 (hora estándar central),18.56,18.00,0,0,1
Sat Nov 21 2020 21:04:04 GMT-0600 (hora estándar central),18.56,18.00,0,0,1
Sat Nov 21 2020 21:04:08 GMT-0600 (hora estándar central),18.63,18.00,0,0,1
Sat Nov 21 2020 21:04:11 GMT-0600 (hora estándar central),18.56,18.00,0,0,1
Sat Nov 21 2020 21:04:14 GMT-0600 (hora estándar central),18.56,18.00,0,0,1
Sat Nov 21 2020 21:04:18 GMT-0600 (hora estándar central),18.56,18.00,0,0,1
Sat Nov 21 2020 21:04:20 GMT-0600 (hora estándar central),18.56,18,0,0,0
Sat Nov 21 2020 21:04:21 GMT-0600 (hora estándar central),18.56,18.00,0,0,1
Sat Nov 21 2020 21:04:21 GMT-0600 (hora estándar central),18.56,18.00,0,0,0
Sat Nov 21 2020 21:04:24 GMT-0600 (hora estándar central),18.56,18.00,0,0,0
Sat Nov 21 2020 21:04:27 GMT-0600 (hora estándar central),18.56,18.00,0,0,0
Sat Nov 21 2020 21:04:31 GMT-0600 (hora estándar central),18.56,18.00,0,0,0
Sat Nov 21 2020 21:04:34 GMT-0600 (hora estándar central),18.56,18.00,0,0,0
Sat Nov 21 2020 21:04:37 GMT-0600 (hora estándar central),18.56,18.00,0,0,0
Sat Nov 21 2020 21:04:41 GMT-0600 (hora estándar central),18.56,18.00,0,0,0
Sat Nov 21 2020 21:04:44 GMT-0600 (hora estándar central),18.56,18.00,0,0,0
Sat Nov 21 2020 21:04:47 GMT-0600 (hora estándar central),18.63,18.00,0,0,0
Sat Nov 21 2020 21:04:51 GMT-0600 (hora estándar central),18.56,18.00,0,0,0
Sat Nov 21 2020 21:04:54 GMT-0600 (hora estándar central),18.56,18.00,0,0,0
Sat Nov 21 2020 21:04:57 GMT-0600 (hora estándar central),18.56,18.00,0,0,0
Sat Nov 21 2020 21:05:00 GMT-0600 (hora estándar central),18.56,18.00,0,0,0
Sat Nov 21 2020 21:05:04 GMT-0600 (hora estándar central),18.63,18.00,0,0,0
Sat Nov 21 2020 21:05:07 GMT-0600 (hora estándar central),18.63,18.00,0,0,0
Sat Nov 21 2020 21:05:10 GMT-0600 (hora estándar central),18.56,18.00,0,0,0
Sat Nov 21 2020 21:05:14 GMT-0600 (hora estándar central),18.56,18.00,0,0,0
Sat Nov 21 2020 21:05:17 GMT-0600 (hora estándar central),18.56,18.00,0,0,0
Sat Nov 21 2020 21:05:20 GMT-0600 (hora estándar central),18.63,18.00,0,0,0
Sat Nov 21 2020 21:05:24 GMT-0600 (hora estándar central),18.56,18.00,0,0,0
Sat Nov 21 2020 21:05:27 GMT-0600 (hora estándar central),18.63,18.00,0,0,0
Sat Nov 21 2020 21:05:30 GMT-0600 (hora estándar central),18.56,18.00,0,0,0
Sat Nov 21 2020 21:05:33 GMT-0600 (hora estándar central),18.63,18.00,0,0,0
Sat Nov 21 2020 21:05:37 GMT-0600 (hora estándar central),18.63,18.00,0,0,0
Sat Nov 21 2020 21:05:40 GMT-0600 (hora estándar central),18.63,18.00,0,0,0
Sat Nov 21 2020 21:05:43 GMT-0600 (hora estándar central),18.63,18.00,0,0,0
Sat Nov 21 2020 21:05:47 GMT-0600 (hora estándar central),18.56,18.00,0,0,0
Sat Nov 21 2020 21:05:50 GMT-0600 (hora estándar central),18.63,18.00,0,0,0
Sat Nov 21 2020 21:05:53 GMT-0600 (hora estándar central),18.63,18.00,0,0,0
Sat Nov 21 2020 21:05:56 GMT-0600 (hora estándar central),18.63,18.00,0,0,0
Sat Nov 21 2020 21:06:00 GMT-0600 (hora estándar central),18.56,18.00,0,0,0
Sat Nov 21 2020 21:06:02 GMT-0600 (hora estándar central),18.56,19,0,0,0
Sat Nov 21 2020 21:06:03 GMT-0600 (hora estándar central),18.56,19.00,0,0,0
Sat Nov 21 2020 21:06:03 GMT-0600 (hora estándar central),18.56,19.00,0,0,0
Sat Nov 21 2020 21:06:06 GMT-0600 (hora estándar central),18.63,19.00,1,0,0
Sat Nov 21 2020 21:06:10 GMT-0600 (hora estándar central),18.63,19.00,1,0,0
Sat Nov 21 2020 21:06:13 GMT-0600 (hora estándar central),18.63,19.00,1,0,0
Sat Nov 21 2020 21:06:14 GMT-0600 (hora estándar central),18.63,18,1,0,0
Sat Nov 21 2020 21:06:15 GMT-0600 (hora estándar central),18.63,18.00,1,0,0
Sat Nov 21 2020 21:06:16 GMT-0600 (hora estándar central),18.63,18.00,0,0,0
Sat Nov 21 2020 21:06:20 GMT-0600 (hora estándar central),18.56,18.00,0,0,0
Sat Nov 21 2020 21:06:22 GMT-0600 (hora estándar central),18.56,17,0,0,0
Sat Nov 21 2020 21:06:23 GMT-0600 (hora estándar central),18.56,18.00,0,0,0
Sat Nov 21 2020 21:06:23 GMT-0600 (hora estándar central),18.56,17.00,0,0,0
Sat Nov 21 2020 21:06:26 GMT-0600 (hora estándar central),18.56,17.00,0,1,0
Sat Nov 21 2020 21:06:29 GMT-0600 (hora estándar central),18.63,17.00,0,1,0
Sat Nov 21 2020 21:06:33 GMT-0600 (hora estándar central),18.63,17.00,0,1,0
Sat Nov 21 2020 21:06:36 GMT-0600 (hora estándar central),18.56,17.00,0,1,0
Sat Nov 21 2020 21:06:39 GMT-0600 (hora estándar central),18.56,17.00,0,1,0
Sat Nov 21 2020 21:06:43 GMT-0600 (hora estándar central),18.56,17.00,0,1,0
Sat Nov 21 2020 21:06:45 GMT-0600 (hora estándar central),18.56,17,0,1,1
Sat Nov 21 2020 21:06:46 GMT-0600 (hora estándar central),18.63,17.00,0,1,0
Sat Nov 21 2020 21:06:46 GMT-0600 (hora estándar central),18.56,17.00,0,1,1
Sat Nov 21 2020 21:06:49 GMT-0600 (hora estándar central),18.63,17.00,0,1,1
Sat Nov 21 2020 21:06:50 GMT-0600 (hora estándar central),18.63,17,0,0,1
Sat Nov 21 2020 21:06:51 GMT-0600 (hora estándar central),18.63,17.00,0,0,1
Sat Nov 21 2020 21:06:53 GMT-0600 (hora estándar central),18.63,17.00,0,0,1
Sat Nov 21 2020 21:06:55 GMT-0600 (hora estándar central),18.63,17,1,0,1
Sat Nov 21 2020 21:06:56 GMT-0600 (hora estándar central),18.63,17.00,0,0,1
Sat Nov 21 2020 21:06:57 GMT-0600 (hora estándar central),18.63,17.00,1,0,1
Sat Nov 21 2020 21:06:59 GMT-0600 (hora estándar central),18.63,17,1,1,1
Sat Nov 21 2020 21:06:59 GMT-0600 (hora estándar central),18.63,17.00,1,0,1
Sat Nov 21 2020 21:07:00 GMT-0600 (hora estándar central),18.63,17.00,1,1,1
Sat Nov 21 2020 21:07:02 GMT-0600 (hora estándar central),18.63,17.00,1,1,1
Sat Nov 21 2020 21:07:04 GMT-0600 (hora estándar central),18.63,17,1,1,0
Sat Nov 21 2020 21:07:06 GMT-0600 (hora estándar central),18.63,17.00,1,1,0
Sat Nov 21 2020 21:07:06 GMT-0600 (hora estándar central),18.63,17.00,1,1,0
Sat Nov 21 2020 21:07:09 GMT-0600 (hora estándar central),18.63,17.00,0,1,0
Sat Nov 21 2020 21:07:12 GMT-0600 (hora estándar central),18.56,17.00,0,1,0
Sat Nov 21 2020 21:07:16 GMT-0600 (hora estándar central),18.63,17.00,0,1,0
Sat Nov 21 2020 21:07:19 GMT-0600 (hora estándar central),18.63,17.00,0,1,0
Sat Nov 21 2020 21:07:22 GMT-0600 (hora estándar central),18.56,17.00,0,1,0
Sat Nov 21 2020 21:07:26 GMT-0600 (hora estándar central),18.56,17.00,0,1,0
Sat Nov 21 2020 21:07:29 GMT-0600 (hora estándar central),18.63,17.00,0,1,0
Sat Nov 21 2020 21:07:32 GMT-0600 (hora estándar central),18.63,17.00,0,1,0
Sat Nov 21 2020 21:07:35 GMT-0600 (hora estándar central),18.63,17.00,0,1,0
Sat Nov 21 2020 21:07:39 GMT-0600 (hora estándar central),18.63,17.00,0,1,0
Sat Nov 21 2020 21:07:42 GMT-0600 (hora estándar central),18.56,17.00,0,1,0
Sat Nov 21 2020 21:07:45 GMT-0600 (hora estándar central),18.63,17.00,0,1,0
Sat Nov 21 2020 21:07:49 GMT-0600 (hora estándar central),18.63,17.00,0,1,0
Sat Nov 21 2020 21:07:52 GMT-0600 (hora estándar central),18.63,17.00,0,1,0
Sat Nov 21 2020 21:07:55 GMT-0600 (hora estándar central),18.63,17.00,0,1,0
Sat Nov 21 2020 21:07:59 GMT-0600 (hora estándar central),18.63,17.00,0,1,0
Sat Nov 21 2020 21:08:02 GMT-0600 (hora estándar central),18.63,17.00,0,1,0
Sat Nov 21 2020 21:08:05 GMT-0600 (hora estándar central),18.63,17.00,0,1,0
Sat Nov 21 2020 21:08:08 GMT-0600 (hora estándar central),18.63,17.00,0,1,0
Sat Nov 21 2020 21:08:12 GMT-0600 (hora estándar central),18.69,17.00,0,1,0
Sat Nov 21 2020 21:08:15 GMT-0600 (hora estándar central),18.63,17.00,0,1,0
Sat Nov 21 2020 21:08:18 GMT-0600 (hora estándar central),18.63,17.00,0,1,0
Sat Nov 21 2020 21:08:22 GMT-0600 (hora estándar central),18.63,17.00,0,1,0
Sat Nov 21 2020 21:08:25 GMT-0600 (hora estándar central),18.63,17.00,0,1,0
Sat Nov 21 2020 21:08:28 GMT-0600 (hora estándar central),18.56,17.00,0,1,0
Sat Nov 21 2020 21:08:32 GMT-0600 (hora estándar central),18.63,17.00,0,1,0
Sat Nov 21 2020 21:08:35 GMT-0600 (hora estándar central),18.63,17.00,0,1,0
Sat Nov 21 2020 21:08:38 GMT-0600 (hora estándar central),18.63,17.00,0,1,0
Sat Nov 21 2020 21:08:41 GMT-0600 (hora estándar central),18.69,17.00,0,1,0
Sat Nov 21 2020 21:08:45 GMT-0600 (hora estándar central),18.69,17.00,0,1,0
Sat Nov 21 2020 21:08:48 GMT-0600 (hora estándar central),18.69,17.00,0,1,0
Sat Nov 21 2020 21:08:51 GMT-0600 (hora estándar central),18.63,17.00,0,1,0
Sat Nov 21 2020 21:08:55 GMT-0600 (hora estándar central),18.63,17.00,0,1,0
Sat Nov 21 2020 21:08:58 GMT-0600 (hora estándar central),18.63,17.00,0,1,0
Sat Nov 21 2020 21:09:01 GMT-0600 (hora estándar central),18.63,17.00,0,1,0
Sat Nov 21 2020 21:09:05 GMT-0600 (hora estándar central),18.63,17.00,0,1,0
Sat Nov 21 2020 21:09:06 GMT-0600 (hora estándar central),18.63,25.00,0,1,0
Sat Nov 21 2020 21:09:08 GMT-0600 (hora estándar central),18.69,25.00,1,0,0
Sat Nov 21 2020 21:09:11 GMT-0600 (hora estándar central),18.69,25.00,1,0,0
Sat Nov 21 2020 21:09:14 GMT-0600 (hora estándar central),18.69,25.00,1,0,0
Sat Nov 21 2020 21:09:18 GMT-0600 (hora estándar central),18.69,25.00,1,0,0
Sat Nov 21 2020 21:09:21 GMT-0600 (hora estándar central),18.69,25.00,1,0,0
Sat Nov 21 2020 21:09:24 GMT-0600 (hora estándar central),18.75,25.00,1,0,0
Sat Nov 21 2020 21:09:28 GMT-0600 (hora estándar central),18.69,25.00,1,0,0
Sat Nov 21 2020 21:09:31 GMT-0600 (hora estándar central),18.69,25.00,1,0,0
Sat Nov 21 2020 21:09:34 GMT-0600 (hora estándar central),18.69,25.00,1,0,0
Sat Nov 21 2020 21:09:38 GMT-0600 (hora estándar central),18.69,25.00,1,0,0
Sat Nov 21 2020 21:09:41 GMT-0600 (hora estándar central),18.69,25.00,1,0,0
Sat Nov 21 2020 21:09:44 GMT-0600 (hora estándar central),18.69,25.00,1,0,0
Sat Nov 21 2020 21:09:47 GMT-0600 (hora estándar central),18.69,25.00,1,0,0
Sat Nov 21 2020 21:09:51 GMT-0600 (hora estándar central),18.69,25.00,1,0,0
Sat Nov 21 2020 21:09:54 GMT-0600 (hora estándar central),18.69,25.00,1,0,0
Sat Nov 21 2020 21:09:57 GMT-0600 (hora estándar central),18.69,25.00,1,0,0
Sat Nov 21 2020 21:10:01 GMT-0600 (hora estándar central),18.69,25.00,1,0,0
Sat Nov 21 2020 21:10:04 GMT-0600 (hora estándar central),18.69,25.00,1,0,0
Sat Nov 21 2020 21:10:07 GMT-0600 (hora estándar central),18.75,25.00,1,0,0
Sat Nov 21 2020 21:10:10 GMT-0600 (hora estándar central),18.75,25.00,1,0,0
Sat Nov 21 2020 21:10:14 GMT-0600 (hora estándar central),18.75,25.00,1,0,0
Sat Nov 21 2020 21:10:17 GMT-0600 (hora estándar central),18.75,25.00,1,0,0
Sat Nov 21 2020 21:10:20 GMT-0600 (hora estándar central),18.75,25.00,1,0,0
Sat Nov 21 2020 21:10:21 GMT-0600 (hora estándar central),18.75,25,1,0,1
Sat Nov 21 2020 21:10:23 GMT-0600 (hora estándar central),18.75,25.00,1,0,1
Sat Nov 21 2020 21:10:24 GMT-0600 (hora estándar central),18.75,25.00,1,0,1
Sat Nov 21 2020 21:10:26 GMT-0600 (hora estándar central),18.75,25,1,1,1
Sat Nov 21 2020 21:10:27 GMT-0600 (hora estándar central),18.75,25.00,1,0,1
Sat Nov 21 2020 21:10:28 GMT-0600 (hora estándar central),18.75,25.00,1,1,1
Sat Nov 21 2020 21:10:30 GMT-0600 (hora estándar central),18.75,25.00,1,1,1
Sat Nov 21 2020 21:10:34 GMT-0600 (hora estándar central),18.75,25.00,1,1,1
Sat Nov 21 2020 21:10:37 GMT-0600 (hora estándar central),18.75,25.00,1,1,1
Sat Nov 21 2020 21:10:38 GMT-0600 (hora estándar central),18.75,25,1,0,1
Sat Nov 21 2020 21:10:39 GMT-0600 (hora estándar central),18.75,25.00,1,0,1
Sat Nov 21 2020 21:10:40 GMT-0600 (hora estándar central),18.69,25.00,1,0,1
Sat Nov 21 2020 21:10:43 GMT-0600 (hora estándar central),18.75,25.00,1,0,1
Sat Nov 21 2020 21:10:47 GMT-0600 (hora estándar central),18.75,25.00,1,0,1
Sat Nov 21 2020 21:10:50 GMT-0600 (hora estándar central),18.75,25.00,1,0,1
Sat Nov 21 2020 21:10:53 GMT-0600 (hora estándar central),18.69,25.00,1,0,1
Sat Nov 21 2020 21:10:57 GMT-0600 (hora estándar central),18.75,25.00,1,0,1
Sat Nov 21 2020 21:11:00 GMT-0600 (hora estándar central),18.75,25.00,1,0,1
Sat Nov 21 2020 21:11:03 GMT-0600 (hora estándar central),18.75,25.00,1,0,1
Sat Nov 21 2020 21:11:07 GMT-0600 (hora estándar central),18.75,25.00,1,0,1
Sat Nov 21 2020 21:11:10 GMT-0600 (hora estándar central),18.75,25.00,1,0,1
Sat Nov 21 2020 21:11:13 GMT-0600 (hora estándar central),18.75,25.00,1,0,1
Sat Nov 21 2020 21:11:16 GMT-0600 (hora estándar central),18.75,25.00,1,0,1
Sat Nov 21 2020 21:11:20 GMT-0600 (hora estándar central),18.69,25.00,1,0,1
Sat Nov 21 2020 21:11:23 GMT-0600 (hora estándar central),18.75,25.00,1,0,1
Sat Nov 21 2020 21:11:26 GMT-0600 (hora estándar central),18.75,25.00,1,0,1
Sat Nov 21 2020 21:11:30 GMT-0600 (hora estándar central),18.75,25.00,1,0,1
Sat Nov 21 2020 21:11:33 GMT-0600 (hora estándar central),18.75,25.00,1,0,1
Sat Nov 21 2020 21:11:36 GMT-0600 (hora estándar central),18.75,25.00,1,0,1
Sat Nov 21 2020 21:11:40 GMT-0600 (hora estándar central),18.75,25.00,1,0,1
Sat Nov 21 2020 21:11:43 GMT-0600 (hora estándar central),18.75,25.00,1,0,1
Sat Nov 21 2020 21:11:46 GMT-0600 (hora estándar central),18.81,25.00,1,0,1
Sat Nov 21 2020 21:11:49 GMT-0600 (hora estándar central),18.75,25.00,1,0,1
Sat Nov 21 2020 21:11:53 GMT-0600 (hora estándar central),18.81,25.00,1,0,1
Sat Nov 21 2020 21:11:56 GMT-0600 (hora estándar central),18.88,25.00,1,0,1
Sat Nov 21 2020 21:11:59 GMT-0600 (hora estándar central),18.81,25.00,1,0,1
Sat Nov 21 2020 21:12:03 GMT-0600 (hora estándar central),18.81,25.00,1,0,1
Sat Nov 21 2020 21:12:06 GMT-0600 (hora estándar central),18.81,25.00,1,0,1
Sat Nov 21 2020 21:12:09 GMT-0600 (hora estándar central),18.81,25.00,1,0,1
Sat Nov 21 2020 21:12:13 GMT-0600 (hora estándar central),18.81,25.00,1,0,1
Sat Nov 21 2020 21:12:16 GMT-0600 (hora estándar central),18.81,25.00,1,0,1
Sat Nov 21 2020 21:12:19 GMT-0600 (hora estándar central),18.75,25.00,1,0,1
Sat Nov 21 2020 21:12:22 GMT-0600 (hora estándar central),18.81,25.00,1,0,1
Sat Nov 21 2020 21:12:26 GMT-0600 (hora estándar central),18.81,25.00,1,0,1
Sat Nov 21 2020 21:12:29 GMT-0600 (hora estándar central),18.75,25.00,1,0,1
Sat Nov 21 2020 21:12:32 GMT-0600 (hora estándar central),18.75,25.00,1,0,1
Sat Nov 21 2020 21:12:36 GMT-0600 (hora estándar central),18.81,25.00,1,0,1
Sat Nov 21 2020 21:12:39 GMT-0600 (hora estándar central),18.81,25.00,1,0,1
Sat Nov 21 2020 21:12:42 GMT-0600 (hora estándar central),18.88,25.00,1,0,1
Sat Nov 21 2020 21:12:46 GMT-0600 (hora estándar central),18.81,25.00,1,0,1
Sat Nov 21 2020 21:12:49 GMT-0600 (hora estándar central),18.81,25.00,1,0,1
Sat Nov 21 2020 21:12:52 GMT-0600 (hora estándar central),18.81,25.00,1,0,1
Sat Nov 21 2020 21:12:55 GMT-0600 (hora estándar central),18.88,25.00,1,0,1
Sat Nov 21 2020 21:12:59 GMT-0600 (hora estándar central),18.81,25.00,1,0,1
Sat Nov 21 2020 21:13:02 GMT-0600 (hora estándar central),18.88,25.00,1,0,1
Sat Nov 21 2020 21:13:05 GMT-0600 (hora estándar central),18.88,25.00,1,0,1
Sat Nov 21 2020 21:13:09 GMT-0600 (hora estándar central),18.81,25.00,1,0,1
Sat Nov 21 2020 21:13:12 GMT-0600 (hora estándar central),18.88,25.00,1,0,1
Sat Nov 21 2020 21:13:15 GMT-0600 (hora estándar central),18.81,25.00,1,0,1
Sat Nov 21 2020 21:13:19 GMT-0600 (hora estándar central),18.81,25.00,1,0,1
Sat Nov 21 2020 21:13:22 GMT-0600 (hora estándar central),18.81,25.00,1,0,1
Sat Nov 21 2020 21:13:25 GMT-0600 (hora estándar central),18.88,25.00,1,0,1
Sat Nov 21 2020 21:13:28 GMT-0600 (hora estándar central),18.88,25.00,1,0,1
Sat Nov 21 2020 21:13:32 GMT-0600 (hora estándar central),18.88,25.00,1,0,1
Sat Nov 21 2020 21:13:35 GMT-0600 (hora estándar central),18.88,25.00,1,0,1
Sat Nov 21 2020 21:13:38 GMT-0600 (hora estándar central),18.88,25.00,1,0,1
Sat Nov 21 2020 21:13:42 GMT-0600 (hora estándar central),18.94,25.00,1,0,1
Sat Nov 21 2020 21:13:45 GMT-0600 (hora estándar central),18.94,25.00,1,0,1
Sat Nov 21 2020 21:13:48 GMT-0600 (hora estándar central),18.88,25.00,1,0,1
Sat Nov 21 2020 21:13:52 GMT-0600 (hora estándar central),18.94,25.00,1,0,1
Sat Nov 21 2020 21:13:55 GMT-0600 (hora estándar central),18.94,25.00,1,0,1
Sat Nov 21 2020 21:13:58 GMT-0600 (hora estándar central),18.94,25.00,1,0,1
Sat Nov 21 2020 21:14:01 GMT-0600 (hora estándar central),18.94,25.00,1,0,1
Sat Nov 21 2020 21:14:05 GMT-0600 (hora estándar central),18.94,25.00,1,0,1
Sat Nov 21 2020 21:14:06 GMT-0600 (hora estándar central),18.94,24,1,0,1
Sat Nov 21 2020 21:14:07 GMT-0600 (hora estándar central),18.94,24.00,1,0,1
Sat Nov 21 2020 21:14:08 GMT-0600 (hora estándar central),18.88,24.00,1,0,1
Sat Nov 21 2020 21:14:11 GMT-0600 (hora estándar central),18.94,24.00,1,0,1
Sat Nov 21 2020 21:14:15 GMT-0600 (hora estándar central),18.94,24.00,1,0,1
Sat Nov 21 2020 21:14:17 GMT-0600 (hora estándar central),18.94,23,1,0,1
Sat Nov 21 2020 21:14:18 GMT-0600 (hora estándar central),18.94,24.00,1,0,1
Sat Nov 21 2020 21:14:18 GMT-0600 (hora estándar central),18.94,23.00,1,0,1
Sat Nov 21 2020 21:14:21 GMT-0600 (hora estándar central),18.94,23.00,1,0,1
Sat Nov 21 2020 21:14:25 GMT-0600 (hora estándar central),18.94,23.00,1,0,1
Sat Nov 21 2020 21:14:28 GMT-0600 (hora estándar central),18.94,23.00,1,0,1
Sat Nov 21 2020 21:14:31 GMT-0600 (hora estándar central),18.94,23.00,1,0,1
Sat Nov 21 2020 21:14:34 GMT-0600 (hora estándar central),19.00,23.00,1,0,1
Sat Nov 21 2020 21:14:35 GMT-0600 (hora estándar central),19.00,22,1,0,1
Sat Nov 21 2020 21:14:36 GMT-0600 (hora estándar central),19.00,22.00,1,0,1
Sat Nov 21 2020 21:14:38 GMT-0600 (hora estándar central),18.94,22.00,1,0,1
Sat Nov 21 2020 21:14:38 GMT-0600 (hora estándar central),18.94,21,1,0,1
Sat Nov 21 2020 21:14:39 GMT-0600 (hora estándar central),18.94,21.00,1,0,1
Sat Nov 21 2020 21:14:41 GMT-0600 (hora estándar central),19.00,21.00,1,0,1
Sat Nov 21 2020 21:14:41 GMT-0600 (hora estándar central),19.00,20,1,0,1
Sat Nov 21 2020 21:14:43 GMT-0600 (hora estándar central),19.00,20.00,1,0,1
Sat Nov 21 2020 21:14:44 GMT-0600 (hora estándar central),19.00,19,1,0,1
Sat Nov 21 2020 21:14:44 GMT-0600 (hora estándar central),19.00,20.00,1,0,1
Sat Nov 21 2020 21:14:45 GMT-0600 (hora estándar central),19.00,19.00,1,0,1
Sat Nov 21 2020 21:14:48 GMT-0600 (hora estándar central),18.94,19.00,1,0,1
Sat Nov 21 2020 21:14:51 GMT-0600 (hora estándar central),18.94,19,1,0,0
Sat Nov 21 2020 21:14:51 GMT-0600 (hora estándar central),18.94,19.00,1,0,1
Sat Nov 21 2020 21:14:52 GMT-0600 (hora estándar central),18.94,19.00,1,0,0
Sat Nov 21 2020 21:14:54 GMT-0600 (hora estándar central),18.94,19.00,1,0,0
Sat Nov 21 2020 21:14:57 GMT-0600 (hora estándar central),18.94,19.00,1,0,0
Sat Nov 21 2020 21:15:01 GMT-0600 (hora estándar central),18.94,19.00,1,0,0
Sat Nov 21 2020 21:15:04 GMT-0600 (hora estándar central),18.94,19.00,1,0,0
Sat Nov 21 2020 21:15:07 GMT-0600 (hora estándar central),18.94,19.00,1,0,0
Sat Nov 21 2020 21:15:11 GMT-0600 (hora estándar central),18.94,19.00,1,0,0
Sat Nov 21 2020 21:15:14 GMT-0600 (hora estándar central),19.00,19.00,0,0,0
Sat Nov 21 2020 21:15:17 GMT-0600 (hora estándar central),19.00,19.00,0,0,0
Sat Nov 21 2020 21:15:21 GMT-0600 (hora estándar central),18.88,19.00,1,0,0
Sat Nov 21 2020 21:15:24 GMT-0600 (hora estándar central),19.00,19.00,0,0,0
Sat Nov 21 2020 21:15:27 GMT-0600 (hora estándar central),19.06,19.00,0,0,0
Sat Nov 21 2020 21:15:30 GMT-0600 (hora estándar central),18.94,19.00,1,0,0
Sat Nov 21 2020 21:15:34 GMT-0600 (hora estándar central),19.00,19.00,0,0,0
Sat Nov 21 2020 21:15:37 GMT-0600 (hora estándar central),19.00,19.00,0,0,0
Sat Nov 21 2020 21:15:40 GMT-0600 (hora estándar central),18.94,19.00,1,0,0
Sat Nov 21 2020 21:15:44 GMT-0600 (hora estándar central),19.00,19.00,0,0,0
Sat Nov 21 2020 21:15:47 GMT-0600 (hora estándar central),19.00,19.00,0,0,0
Sat Nov 21 2020 21:15:50 GMT-0600 (hora estándar central),19.00,19.00,0,0,0
Sat Nov 21 2020 21:15:54 GMT-0600 (hora estándar central),19.00,19.00,0,0,0
Sat Nov 21 2020 21:15:57 GMT-0600 (hora estándar central),19.00,19.00,0,0,0
Thu Jan 07 2021 17:46:31 GMT-0600 (hora estándar central),45.89,23,1,0,1
Thu Jan 07 2021 17:46:34 GMT-0600 (hora estándar central),45.89,23,1,1,1
Thu Jan 07 2021 17:46:35 GMT-0600 (hora estándar central),45.89,23,0,1,1
Thu Jan 07 2021 17:46:36 GMT-0600 (hora estándar central),45.89,23,0,1,0
Thu Jan 07 2021 17:47:38 GMT-0600 (hora estándar central),45.89,23,0,1,1
Thu Jan 07 2021 17:47:40 GMT-0600 (hora estándar central),45.89,23,0,1,0
Thu Jan 07 2021 17:47:40 GMT-0600 (hora estándar central),45.89,23,0,1,1
Thu Jan 07 2021 17:47:41 GMT-0600 (hora estándar central),45.89,23,0,1,0
Thu Jan 07 2021 17:47:41 GMT-0600 (hora estándar central),45.89,23,0,1,1
Thu Jan 07 2021 17:47:46 GMT-0600 (hora estándar central),45.89,23,0,1,0
Thu Jan 07 2021 17:47:46 GMT-0600 (hora estándar central),45.89,23,0,1,1
Thu Jan 07 2021 17:47:50 GMT-0600 (hora estándar central),45.89,23,0,1,0
